/*INSERT INTO `address` (`id`, `city`, `house_number`, `postal_code`, `street`) VALUES
                                                                                  (1, 'München', '28', '80333', 'Holzweg'),
                                                                                  (2, 'München', '', '80333', 'Holzweg'),
                                                                                  (3, 'München', '', '80333', 'Holzweg'),
                                                                                  (4, 'München', '19a', '80333', 'Holzweg'),
                                                                                  (5, 'München', '', '80333', 'Holzweg'),
                                                                                  (6, 'München', '13', '80333', 'Holzweg'),
                                                                                  (7, 'München', '25', '80333', 'Holzweg'),
                                                                                  (8, 'München', '', '80333', 'Holzweg'),
                                                                                  (9, 'München', '', '80333', 'Holzweg'),
                                                                                  (10, 'München', '37', '80333', 'Holzweg'),
                                                                                  (11, 'München', '', '80333', 'Holzweg'),
                                                                                  (12, 'München', '', '80333', 'Holzweg'),
                                                                                  (13, 'München', '', '80333', 'Holzweg'),
                                                                                  (14, 'München', '10', '80333', 'Holzweg'),
                                                                                  (15, 'München', '', '80333', 'Holzweg'),
                                                                                  (16, 'München', '42', '80333', 'Holzweg'),
                                                                                  (17, 'München', '', '80333', 'Holzweg'),
                                                                                  (18, 'München', '4', '80333', 'Holzweg'),
                                                                                  (19, 'München', '7', '80333', 'Holzweg'),
                                                                                  (20, 'München', '', '80333', 'Holzweg');

INSERT INTO `client` (`id`, `customer_number`, `email`, `name`, `phone_number`, `address_id`) VALUES
                                                                                                  (1, 0, 'dummy@googlemail.com', 'Kunde1', '123456', 1),
                                                                                                  (2, 1, 'dummy@googlemail.com', 'Kunde2', '123456', 2),
                                                                                                  (3, 2, 'dummy@googlemail.com', 'Kunde3', '123456', 3),
                                                                                                  (4, 3, 'dummy@googlemail.com', 'Kunde4', '123456', 4),
                                                                                                  (5, 4, 'dummy@googlemail.com', 'Kunde5', '123456', 5),
                                                                                                  (6, 5, 'dummy@googlemail.com', 'Kunde6', '123456', 6),
                                                                                                  (7, 6, 'dummy@googlemail.com', 'Kunde7', '123456', 7),
                                                                                                  (8, 7, 'dummy@googlemail.com', 'Kunde8', '123456', 8),
                                                                                                  (9, 8, 'dummy@googlemail.com', 'Kunde9', '123456', 9),
                                                                                                  (10, 9, 'dummy@googlemail.com', 'Kunde10', '123456', 10),
                                                                                                  (11, 10, 'dummy@googlemail.com', 'Kunde11', '123456', 11),
                                                                                                  (12, 11, 'dummy@googlemail.com', 'Kunde12', '123456', 12),
                                                                                                  (13, 12, 'dummy@googlemail.com', 'Kunde13', '123456', 13),
                                                                                                  (14, 13, 'dummy@googlemail.com', 'Kunde14', '123456', 14),
                                                                                                  (15, 14, 'dummy@googlemail.com', 'Kunde15', '123456', 15),
                                                                                                  (16, 15, 'dummy@googlemail.com', 'Kunde16', '123456', 16),
                                                                                                  (17, 16, 'dummy@googlemail.com', 'Kunde17', '123456', 17),
                                                                                                  (18, 17, 'dummy@googlemail.com', 'Kunde18', '123456', 18),
                                                                                                  (19, 18, 'dummy@googlemail.com', 'Kunde19', '123456', 19),
                                                                                                  (20, 19, 'dummy@googlemail.com', 'Kunde20', '123456', 20);







INSERT INTO `material` (`id`, `category`, `count`, `name`) VALUES
(1, 'Zelte', 1, 'Zelt (4x2)'),
(2, 'Zelte', 1, 'Zelt (3x3)'),
(3, 'Zelte', 1, 'Pagode (3x3)'),
(4, 'Zelte', 1, 'Zelt (4x4)'),
(5, 'Zelte', 3, 'Zelt (3x6)'),
(6, 'Zelte', 2, 'Zelt (4x6)'),
(7, 'Zelte', 1, 'Zelt PE (4x6)'),
(8, 'Zelte', 1, 'Zelt PE alt, (4x6)'),
(9, 'Zelte', 2, 'Zelt (4x8)'),
(10, 'Zelte', 1, 'Zelt (4x9)'),
(11, 'Zelte', 2, 'Zelt (4x10)'),
(12, 'Zelte', 4, 'Regenrinne'),
(13, 'Zelte', 50, 'Zeltboden'),
(14, 'Zelte', 4, 'Abkantung'),
(15, 'Zelte', 8, 'Ballastierung'),
(16, 'Zelte', 5, 'einzelne Tische, breit'),
(17, 'Zelte', 5, 'Hussensätze für Buffettische'),
(18, 'Zelte', 22, 'einzelne Tische'),
(19, 'Zelte', 52, 'einzelne Bänke'),
(20, 'Zelte', 22, 'Garnituren'),
(21, 'Zelte', 17, 'Hussensätze für Garnituren'),
(22, 'Zelte', 36, 'Polster für Bierbänke, rot'),
(23, 'Zelte', 15, 'Tischdecke Biertische, rot'),
(24, 'Zelte', 10, 'Tischklammern'),
(25, 'Zelte', 10, 'Bodenschoner'),
(26, 'Zelte', 12, 'Tische'),
(27, 'Zelte', 12, 'Tischdecke für Tische, grau'),
(28, 'Zelte', 47, 'Stühle'),
(29, 'Zelte', 48, 'Polster für Stühle, rot'),
(30, 'Zelte', 50, 'Polsterstühle'),
(31, 'Zelte', 17, 'Stehtische'),
(32, 'Zelte', 22, 'Hussen für ST, weiß'),
(33, 'Zelte', 10, 'Hussen für ST, grau'),
(34, 'Zelte', 4, 'Heizstrahler, 240V'),
(35, 'Zelte', 1, 'Verlängerungskabel, 25m, 240V'),
(36, 'Zelte', 4, 'Heizstrahler, 400V'),
(37, 'Zelte', 1, 'Verlängerungskabel, 25m, 400V'),
(38, 'Zelte', 2, 'Verlängerungskabel, 10m, 400V'),
(39, 'Zelte', 2, 'Kühlschrank'),
(40, 'Zelte', 3, 'Lichterketten, weiß'),
(41, 'Zelte', 3, 'Lichterketten, bunt'),
(42, 'Zelte', 4, 'LED-Strahler'),
(43, 'Zelte', 8, 'LED-Tischleuchten'),
(44, 'Zelte', 1, 'Kegeln'),
(45, 'Zelte', 1, 'Jenga'),
(46, 'Zelte', 1, 'Feuerschale'),
(47, 'Zelte', 1, 'Brennmaterial'),
(48, 'Zelte', 2, 'TT-Platte'),
(49, 'Zelte', 1, 'Hufeisenwerfen'),
(50, 'Zelte', 1, 'Tischkicker'),
(51, 'Zelte', 1, 'Sonnensegel, 3,6x3,6'),
(52, 'Zelte', 1, 'Sonnensegel, 4x3'),
(53, 'Zelte', 1, 'Sonnensegel, 5x5'),
(54, 'Zelte', 1, 'Ampelschirm'),
(55, 'Zelte', 1, 'Schirmständer und Gewichte'),
(56, 'Zelte', 2, 'Befestigungsset Sonnensegel'),
(57, 'Zelte', 100, 'Ladepauschale 1'),
(58, 'Zelte', 100, 'Ladepauschale 2'),
(59, 'Zelte', 100, 'Vedunklungsplanen');


INSERT INTO `material_price` (`id`, `build_up_price`, `day_price`, `start_date`, `weekend_price`, `material_id`) VALUES
(1, 165, 40, '2000-01-01', 70, 1),
(2, 165, 50, '2000-01-01', 80, 2),
(3, 175, 55, '2000-01-01', 90, 3),
(4, 185, 60, '2000-01-01', 100, 4),
(5, 195, 65, '2000-01-01', 105, 5),
(6, 205, 75, '2000-01-01', 120, 6),
(7, 205, 75, '2000-01-01', 120, 7),
(8, 205, 75, '2000-01-01', 120, 8),
(9, 295, 85, '2000-01-01', 145, 9),
(10, 325, 100, '2000-01-01', 160, 10),
(11, 610, 115, '2000-01-01', 175, 11),
(12, 24.5, 6.5, '2000-01-01', 9.5, 12),
(13, 5, 3, '2000-01-01', 4, 13),
(14, 5, 7, '2000-01-01', 10, 14),
(15, 0, 10, '2000-01-01', 25, 15),
(16, 2, 8.5, '2000-01-01', 12.5, 16),
(17, 0, 7.5, '2000-01-01', 9.5, 17),
(18, 2, 6.5, '2000-01-01', 10, 18),
(19, 2, 2.5, '2000-01-01', 4, 19),
(20, 6, 8.5, '2000-01-01', 12.5, 20),
(21, 0, 12.5, '2000-01-01', 15.5, 21),
(22, 0, 2.5, '2000-01-01', 3.5, 22),
(23, 0, 3, '2000-01-01', 4.5, 23),
(24, 0, 2, '2000-01-01', 2.5, 24),
(25, 0, 2.5, '2000-01-01', 3.5, 25),
(26, 2, 7, '2000-01-01', 9.5, 26),
(27, 0, 3, '2000-01-01', 4.5, 27),
(28, 2, 2.5, '2000-01-01', 3.5, 28),
(29, 0, 2, '2000-01-01', 2.5, 29),
(30, 2, 3.5, '2000-01-01', 4.5, 30),
(31, 2, 6, '2000-01-01', 9.5, 31),
(32, 0, 4, '2000-01-01', 5.5, 32),
(33, 0, 4, '2000-01-01', 5.5, 33),
(34, 0, 12.5, '2000-01-01', 17.5, 34),
(35, 0, 7, '2000-01-01', 9.5, 35),
(36, 0, 30, '2000-01-01', 43, 36),
(37, 0, 12.5, '2000-01-01', 17.5, 37),
(38, 0, 7, '2000-01-01', 9.5, 38),
(39, 0, 25, '2000-01-01', 37.5, 39),
(40, 0, 8.5, '2000-01-01', 12.5, 40),
(41, 0, 8.5, '2000-01-01', 12.5, 41),
(42, 0, 8.5, '2000-01-01', 12.5, 42),
(43, 0, 7, '2000-01-01', 9.5, 43),
(44, 0, 13.5, '2000-01-01', 19.5, 44),
(45, 0, 13.5, '2000-01-01', 19.5, 45),
(46, 0, 13.5, '2000-01-01', 19.5, 46),
(47, 0, 9.5, '2000-01-01', 9.5, 47),
(48, 0, 17.5, '2000-01-01', 24.5, 48),
(49, 10, 17.5, '2000-01-01', 24.5, 49),
(50, 0, 26.5, '2000-01-01', 37.5, 50),
(51, 0, 14, '2000-01-01', 19.5, 51),
(52, 0, 14, '2000-01-01', 19.5, 52),
(53, 0, 21, '2000-01-01', 29.5, 53),
(54, 0, 27.5, '2000-01-01', 39.5, 54),
(55, 0, 10.5, '2000-01-01', 14.5, 55),
(56, 0, 5.5, '2000-01-01', 7.5, 56),
(57, 0, 15, '2000-01-01', 15, 57),
(58, 0, 25, '2000-01-01', 25, 58),
(59, 0, 35, '2000-01-01', 35, 59);


INSERT INTO `booking` (`id`, `count_daily_rent`, `count_weekend_rent`, `delivery_costs`, `end_date`, `offer_date`, `start_date`, `valid_until`, `invoice_number`, `status`, `client_id`, `loading_fee_id`) VALUES
                                                                                                                                                                                                               (1, 0, 0, 0, '2021-05-13', '2021-05-10', '2021-05-10', '2021-05-13', '0000-00-00', 'COMPLETED', 1, NULL),
                                                                                                                                                                                                               (2, 0, 0, 0, '2021-05-14', '2021-05-14', '2021-05-14', '2021-05-14', '0000-00-00', 'COMPLETED', 2, NULL),
                                                                                                                                                                                                               (3, 0, 0, 0, '2021-05-21', '2021-05-20', '2021-05-20', '2021-05-21', '0000-00-00', 'COMPLETED', 3, NULL),
                                                                                                                                                                                                               (4, 0, 0, 0, '2021-05-23', '2021-05-21', '2021-05-21', '2021-05-23', '0000-00-00', 'COMPLETED', 4, NULL),
                                                                                                                                                                                                               (5, 0, 0, 0, '2021-06-13', '2021-06-11', '2021-06-11', '2021-06-13', '0000-00-00', 'COMPLETED', 5, NULL),
                                                                                                                                                                                                               (6, 0, 0, 0, '2021-06-13', '2021-06-11', '2021-06-11', '2021-06-13', '0000-00-00', 'COMPLETED', 6, NULL),
                                                                                                                                                                                                               (7, 0, 0, 0, '2021-06-20', '2021-06-18', '2021-06-18', '2021-06-20', '0000-00-00', 'COMPLETED', 7, NULL),
                                                                                                                                                                                                               (8, 0, 0, 0, '2021-06-20', '2021-06-18', '2021-06-18', '2021-06-20', '0000-00-00', 'COMPLETED', 8, NULL),
                                                                                                                                                                                                               (9, 0, 0, 0, '2021-06-20', '2021-06-18', '2021-06-18', '2021-06-20', '0000-00-00', 'COMPLETED', 9, NULL),
                                                                                                                                                                                                               (10, 0, 0, 0, '2021-06-25', '2021-06-24', '2021-06-24', '2021-06-25', '0000-00-00', 'COMPLETED', 10, NULL),
                                                                                                                                                                                                               (11, 0, 0, 0, '2021-07-03', '2021-07-01', '2021-07-01', '2021-07-03', '0000-00-00', 'COMPLETED', 11, NULL),
                                                                                                                                                                                                               (12, 0, 0, 0, '2021-07-03', '2021-07-01', '2021-07-01', '2021-07-03', '0000-00-00', 'COMPLETED', 12, NULL),
                                                                                                                                                                                                               (13, 0, 0, 0, '2021-07-01', '2021-07-01', '2021-07-01', '2021-07-01', '0000-00-00', 'COMPLETED', 13, NULL),
                                                                                                                                                                                                               (14, 0, 0, 0, '2021-07-04', '2021-07-02', '2021-07-02', '2021-07-04', '0000-00-00', 'COMPLETED', 14, NULL),
                                                                                                                                                                                                               (15, 0, 0, 0, '2021-07-04', '2021-07-02', '2021-07-02', '2021-07-04', '0000-00-00', 'COMPLETED', 15, NULL),
                                                                                                                                                                                                               (16, 0, 0, 0, '2021-07-04', '2021-07-02', '2021-07-02', '2021-07-04', '0000-00-00', 'COMPLETED', 16, NULL),
                                                                                                                                                                                                               (17, 0, 0, 0, '2021-07-04', '2021-07-02', '2021-07-02', '2021-07-04', '0000-00-00', 'COMPLETED', 17, NULL),
                                                                                                                                                                                                               (18, 0, 0, 0, '2021-07-09', '2021-07-08', '2021-07-08', '2021-07-09', '0000-00-00', 'COMPLETED', 18, NULL),
                                                                                                                                                                                                               (19, 0, 0, 0, '2021-07-11', '2021-07-09', '2021-07-09', '2021-07-11', '0000-00-00', 'COMPLETED', 19, NULL),
                                                                                                                                                                                                               (20, 0, 0, 0, '2021-07-11', '2021-07-09', '2021-07-09', '2021-07-11', '0000-00-00', 'COMPLETED', 20, NULL);

INSERT INTO `booking_material` (`id`, `quantity`, `booking_id`, `material_id`) VALUES
                                                                                   (1, 1, 1, 10),
                                                                                   (2, 36, 1, 13),
                                                                                   (3, 1, 1, 36),
                                                                                   (4, 1, 1, 38),
                                                                                   (5, 1, 2, 5),
                                                                                   (6, 47, 2, 28),
                                                                                   (7, 47, 2, 29),
                                                                                   (8, 10, 3, 31),
                                                                                   (9, 1, 4, 5),
                                                                                   (10, 1, 4, 31),
                                                                                   (11, 1, 4, 34),
                                                                                   (12, 1, 5, 50),
                                                                                   (13, 1, 6, 2),
                                                                                   (14, 1, 6, 5),
                                                                                   (15, 5, 6, 20),
                                                                                   (16, 3, 6, 21),
                                                                                   (17, 2, 6, 31),
                                                                                   (18, 2, 6, 33),
                                                                                   (19, 2, 7, 20),
                                                                                   (20, 1, 8, 11),
                                                                                   (21, 12, 10, 20),
                                                                                   (22, 12, 10, 23),
                                                                                   (23, 1, 12, 5),
                                                                                   (24, 1, 12, 7),
                                                                                   (25, 1, 12, 10),
                                                                                   (26, 12, 12, 26),
                                                                                   (27, 47, 12, 28),
                                                                                   (28, 5, 12, 31),
                                                                                   (29, 5, 12, 33),
                                                                                   (30, 1, 12, 39),
                                                                                   (31, 1, 13, 4),
                                                                                   (32, 1, 13, 26),
                                                                                   (33, 7, 13, 31),
                                                                                   (34, 7, 13, 33),
                                                                                   (35, 2, 15, 20),
                                                                                   (36, 8, 15, 22),
                                                                                   (37, 1, 17, 3),
                                                                                   (38, 1, 18, 2),
                                                                                   (39, 5, 19, 26),
                                                                                   (40, 2, 19, 31),
                                                                                   (41, 2, 19, 33),
                                                                                   (42, 1, 19, 50),
                                                                                   (43, 1, 20, 5),
                                                                                   (44, 2, 20, 20);

INSERT INTO `setup_service` (`id`, `name`, `price`, `booking_id`) VALUES
                                                                      (1, 'LIEFERUNG', 0, 1),
                                                                      (2, 'LIEFERUNG', 0, 2),
                                                                      (3, 'SELBSTABHOLUNG', 0, 3),
                                                                      (4, 'LIEFERUNG', 0, 4),
                                                                      (5, 'AUFBAU_ZELT', 0, 4),
                                                                      (6, 'SELBSTABHOLUNG', 0, 5),
                                                                      (7, 'LIEFERUNG', 0, 6),
                                                                      (8, 'AUFBAU_ZELT', 0, 6),
                                                                      (9, 'LIEFERUNG', 0, 7),
                                                                      (10, 'SELBSTABHOLUNG', 0, 8),
                                                                      (11, 'LIEFERUNG', 0, 10),
                                                                      (12, 'LIEFERUNG', 0, 12),
                                                                      (13, 'LIEFERUNG', 0, 13),
                                                                      (14, 'AUFBAU_ZELT', 0, 13),
                                                                      (15, 'SELBSTABHOLUNG', 0, 15),
                                                                      (16, 'SELBSTABHOLUNG', 0, 17),
                                                                      (17, 'SELBSTABHOLUNG', 0, 18),
                                                                      (18, 'LIEFERUNG', 0, 19),
                                                                      (19, 'LIEFERUNG', 0, 20),
                                                                      (20, 'AUFBAU_ZELT', 0, 20);*/